id,server_id
560,37196
560,37197
560,37200
560,37201
560,37202
560,37203
560,37198
560,37199
561,37190
561,37191
561,37192
561,37193
561,37194
561,37195
593,38070
593,38156
593,38082
593,38135
593,38033
593,38174
593,38006
593,38105
593,38136
593,38097
593,38051
593,37997
593,38106
593,38026
593,38107
593,38065
593,37989
593,38084
593,38157
593,38175
593,38216
593,38213
593,38108
593,38109
593,38050
593,37994
593,38176
593,38158
593,38079
593,38064
593,37992
593,38188
593,38007
593,37990
593,38047
593,38044
593,38137
593,38159
593,38110
593,37995
593,38034
593,38111
593,38177
593,38098
593,37991
593,38189
593,38008
593,38048
593,38190
593,37993
593,38170
593,38099
593,38112
593,38523
593,38113
593,38114
593,38039
593,38191
593,38081
593,37998
593,38009
593,38178
593,38217
593,38138
593,38115
593,38192
593,38052
593,38012
593,38116
593,38066
593,38038
593,38193
593,38053
593,38117
593,37999
593,38139
593,38045
593,38160
593,38179
593,38067
593,38118
593,37996
593,38016
593,38171
593,38062
593,38140
593,38119
593,38180
593,38161
593,38120
593,38141
593,38194
593,38054
593,38172
593,38195
593,38535
593,38000
593,38063
593,38021
593,38142
593,38196
593,38035
593,38121
593,38032
593,38031
593,38197
593,38015
593,38049
593,38198
593,38162
593,38001
593,38068
593,38218
593,38013
593,38199
593,38143
593,38017
593,38122
593,38144
593,38214
593,38071
593,38163
593,38083
593,38043
593,38002
593,38181
593,38145
593,38200
593,38100
593,38101
593,38075
593,38539
593,38028
593,38096
593,38201
593,38164
593,38221
593,38146
593,38123
593,38018
593,38069
593,38102
593,38202
593,38147
593,38061
593,38103
593,38036
593,38029
593,38124
593,38182
593,38165
593,38538
593,38203
593,38148
593,38222
593,38019
593,38125
593,38080
593,38003
593,38204
593,38149
593,38166
593,38055
593,38173
593,38027
593,38205
593,38167
593,38004
593,38074
593,38215
593,38206
593,38014
593,38126
593,38056
593,38150
593,38219
593,38011
593,38151
593,38040
593,38207
593,38168
593,38183
593,38152
593,38057
593,38025
593,38072
593,38127
593,38220
593,38005
593,38208
593,38184
593,38030
593,38128
593,38153
593,38085
593,38129
593,38010
593,38041
593,38037
593,38073
593,38185
593,38130
593,38209
593,38169
593,38154
593,38210
593,38058
593,38022
593,38186
593,38131
593,38211
593,38059
593,38046
593,38076
593,38212
593,38155
593,38024
593,38132
593,38077
593,38104
593,38042
593,38078
593,38187
593,38133
593,38134
593,38060
593,38023
593,38020
419,34664
419,34665
419,31635
419,31636
419,31726
419,31727
419,31570
419,31571
419,31572
419,31573
419,31624
419,31625
419,31604
419,31605
419,31606
419,31607
419,34657
419,34658
419,31626
419,31721
419,31590
419,31591
419,34592
419,34591
419,31627
419,31628
419,31580
419,31581
419,31582
419,31583
419,31629
419,31630
419,31633
419,31634
419,34589
419,34590
419,31631
419,31632
419,31620
419,31621
419,34595
419,31593
419,31622
419,31623
419,31639
419,31640
420,31645
420,31646
420,31647
420,31648
420,31649
420,31650
420,31661
420,31662
420,31663
420,31664
420,31667
420,31668
420,31673
420,31674
420,34564
420,34563
420,31675
420,31676
420,31679
420,31680
420,34666
420,34667
420,31683
420,31684
420,31687
420,31688
420,31689
420,31690
420,31691
420,31692
420,31693
420,31694
420,31697
420,31698
420,31699
420,31700
420,31701
420,31702
420,31711
420,31712
420,34562
420,34561
420,31715
420,31716
420,31717
420,31718
420,31730
420,31731
420,34593
420,34594
385,30086
385,30087
385,30096
385,30097
385,29951
385,29952
385,30020
385,30021
385,29929
385,29930
385,30042
385,30043
385,30044
385,30045
385,30007
385,30006
385,30009
385,30008
385,29947
385,29948
385,30022
385,30023
385,30094
385,30095
385,29937
385,29938
385,29939
385,29940
385,30079
385,30078
385,29949
385,29950
385,30098
385,30099
385,29941
385,29942
385,30010
385,30011
385,30046
385,30047
385,30017
385,30016
385,30019
385,30018
385,30295
385,30294
385,29931
385,29932
385,29933
385,29934
385,30089
385,30088
385,30003
385,30002
385,29935
385,29936
385,30024
385,30025
385,29953
385,29954
385,30012
385,30013
385,30026
385,30027
385,30015
385,30014
385,30297
385,30296
385,30028
385,30029
385,29943
385,29944
385,30048
385,30049
385,30005
385,30004
385,29945
385,29946
385,30050
385,30051
385,30030
385,30031
387,30036
387,30037
387,30057
387,30056
387,30039
387,30038
387,30090
387,30091
387,30321
387,30323
387,31556
387,31557
387,30154
387,30153
387,30059
387,30058
387,30156
387,30155
387,29970
387,29971
387,30065
387,30064
387,29985
387,29984
387,29987
387,29986
387,29989
387,29988
387,29991
387,29990
387,29978
387,29979
387,30158
387,30157
387,31558
387,31559
387,29956
387,29957
387,30092
387,30093
387,30054
387,30055
387,29972
387,29973
387,30273
387,30272
387,29958
387,29959
387,29992
387,29993
387,29995
387,29994
387,30041
387,30040
387,30067
387,30066
387,29960
387,29961
387,31560
387,31561
387,29996
387,29997
387,30307
387,30306
387,29962
387,29963
387,30061
387,30060
387,30034
387,30035
387,29968
387,29969
387,30063
387,30062
387,31562
387,31563
387,30001
387,30000
387,29964
387,29965
387,30073
387,30072
387,29976
387,29977
387,30075
387,30074
387,29974
387,29975
387,30161
387,30162
439,37984
439,37082
439,37081
439,37073
439,37988
439,37106
439,33046
439,33016
439,32920
439,37087
439,32843
439,37079
439,37986
439,37987
439,37985
439,32911
502,35612
502,35613
502,35614
502,35615
481,37177
481,37214
481,35015
588,37912
588,37913
588,37914
588,37915
588,37916
588,37917
588,37918
588,37919
588,37920
588,37877
588,37878
588,37879
588,37880
588,37881
588,37882
588,37889
588,37890
588,37891
588,37871
588,37872
588,37873
588,37874
588,37875
588,37876
588,37895
588,37896
588,37897
514,35731
514,35732
514,35711
514,35712
514,35713
514,35714
514,35715
514,35716
514,35717
514,35718
514,35719
514,35720
513,35729
513,35730
513,35697
513,35698
513,35699
513,35700
513,35701
513,35702
513,35703
513,35704
513,35705
513,35706
513,35707
513,35708
513,35709
513,35710
503,35616
503,35617
503,35618
503,35619
546,37564
546,37566
546,37647
546,37654
546,37655
546,37664
546,37665
546,37666
546,37667
546,37645
546,37646
546,37668
546,37669
546,37648
546,37649
546,37650
546,37670
546,37671
546,37651
546,37685
546,37652
546,37653
546,37684
546,37687
546,37683
546,37672
546,37673
546,37686
546,37682
546,37656
546,37657
546,37674
546,37658
546,37659
546,37675
546,37676
546,37660
546,37661
546,37662
546,37663
546,37677
546,37690
546,37678
546,37691
546,37679
546,37680
546,37689
546,37681
546,37688
546,37563
546,37565
546,37599
546,37606
546,37607
546,37616
546,37617
546,37618
546,37619
546,37597
546,37598
546,37620
546,37621
546,37600
546,37601
546,37602
546,37622
546,37623
546,37603
546,37637
546,37604
546,37605
546,37636
546,37639
546,37635
546,37624
546,37625
546,37638
546,37634
546,37608
546,37609
546,37626
546,37610
546,37611
546,37627
546,37628
546,37612
546,37613
546,37614
546,37615
546,37629
546,37643
546,37630
546,37644
546,37631
546,37632
546,37642
546,37633
546,37641
546,38225
546,38235
546,38236
546,38237
546,38238
546,38223
546,38261
546,38224
546,38262
546,38239
546,38240
546,38226
546,38227
546,38259
546,38241
546,38258
546,38242
546,38228
546,38253
546,38250
546,38263
546,38229
546,38230
546,38269
546,38249
546,38252
546,38248
546,38271
546,38243
546,38251
546,38247
546,38270
546,38260
546,38231
546,38264
546,38232
546,38233
546,38244
546,38234
546,38272
546,38256
546,38245
546,38257
546,38246
546,38265
546,38266
546,38267
546,38255
546,38268
546,38254
546,38275
546,38285
546,38286
546,38287
546,38288
546,38273
546,38311
546,38274
546,38312
546,38289
546,38290
546,38276
546,38277
546,38309
546,38291
546,38308
546,38292
546,38278
546,38303
546,38300
546,38313
546,38279
546,38280
546,38319
546,38299
546,38302
546,38298
546,38321
546,38293
546,38301
546,38297
546,38320
546,38310
546,38281
546,38314
546,38282
546,38283
546,38294
546,38284
546,38322
546,38306
546,38295
546,38307
546,38296
546,38315
546,38316
546,38317
546,38305
546,38318
546,38304
546,37118
546,37119
546,37143
546,37144
546,37145
546,37120
546,37146
546,37121
546,37122
546,37147
546,37123
546,37124
546,37148
546,37125
546,37149
546,37126
546,37172
546,37168
546,37127
546,37150
546,37128
546,37151
546,37171
546,37167
546,37170
546,37166
546,37152
546,37153
546,37129
546,37154
546,37169
546,37165
546,37130
546,37131
546,37132
546,37155
546,37133
546,37134
546,37156
546,37157
546,37135
546,37136
546,37137
546,37138
546,37158
546,37139
546,37175
546,37159
546,37140
546,37176
546,37160
546,37141
546,37161
546,37162
546,37142
546,37163
546,37174
546,37164
546,37173
546,38325
546,38335
546,38336
546,38337
546,38338
546,38323
546,38361
546,38324
546,38362
546,38339
546,38340
546,38326
546,38327
546,38359
546,38341
546,38358
546,38342
546,38328
546,38353
546,38350
546,38363
546,38329
546,38330
546,38369
546,38349
546,38352
546,38348
546,38371
546,38343
546,38351
546,38347
546,38370
546,38360
546,38331
546,38364
546,38332
546,38333
546,38344
546,38334
546,38372
546,38356
546,38345
546,38357
546,38346
546,38365
546,38366
546,38367
546,38355
546,38368
546,38354
546,38375
546,38385
546,38386
546,38387
546,38388
546,38373
546,38411
546,38374
546,38412
546,38389
546,38390
546,38376
546,38377
546,38409
546,38391
546,38408
546,38392
546,38378
546,38403
546,38400
546,38413
546,38379
546,38380
546,38419
546,38399
546,38402
546,38398
546,38421
546,38393
546,38401
546,38397
546,38420
546,38410
546,38381
546,38414
546,38382
546,38383
546,38394
546,38384
546,38422
546,38406
546,38395
546,38407
546,38396
546,38415
546,38416
546,38417
546,38405
546,38418
546,38404
546,38425
546,38435
546,38436
546,38437
546,38438
546,38423
546,38461
546,38424
546,38462
546,38439
546,38440
546,38426
546,38427
546,38459
546,38441
546,38458
546,38442
546,38428
546,38453
546,38450
546,38463
546,38429
546,38430
546,38469
546,38449
546,38452
546,38448
546,38471
546,38443
546,38451
546,38447
546,38470
546,38460
546,38431
546,38464
546,38432
546,38433
546,38444
546,38434
546,38472
546,38456
546,38445
546,38457
546,38446
546,38465
546,38466
546,38467
546,38455
546,38468
546,38454
546,38475
546,38485
546,38486
546,38487
546,38488
546,38473
546,38511
546,38474
546,38512
546,38489
546,38490
546,38476
546,38477
546,38509
546,38491
546,38508
546,38492
546,38478
546,38503
546,38500
546,38513
546,38479
546,38480
546,38519
546,38499
546,38502
546,38498
546,38521
546,38493
546,38501
546,38497
546,38520
546,38510
546,38481
546,38514
546,38482
546,38483
546,38494
546,38484
546,38522
546,38506
546,38495
546,38507
546,38496
546,38515
546,38516
546,38517
546,38505
546,38518
546,38504
546,36665
546,36666
546,36667
546,36668
546,36669
546,36670
546,36671
546,36672
546,36673
546,36674
546,36675
546,36676
546,36677
546,36678
546,36679
546,36680
546,36681
546,36682
546,36683
546,36684
546,36685
546,36686
546,36687
546,36688
546,36689
546,36690
546,36691
546,36692
546,36693
546,36694
546,36695
546,36696
546,36697
546,36698
546,36699
546,36700
546,36701
546,36702
546,36703
546,36704
546,36705
546,36706
546,36707
546,36708
546,36709
546,36710
546,36711
546,36712
546,36713
546,36714
546,36715
546,36716
546,36717
546,36718
546,36608
546,36609
546,36610
546,36611
546,36612
546,36613
546,36614
546,36615
546,36616
546,36617
546,36618
546,36619
546,36620
546,36621
546,36622
546,36623
546,36624
546,36625
546,36626
546,36627
546,36628
546,36629
546,36630
546,36631
546,36632
546,36633
546,36634
546,36635
546,36636
546,36637
546,36638
546,36639
546,36640
546,36641
546,36642
546,36643
546,36644
546,36645
546,36646
546,36647
546,36648
546,36649
546,36650
546,36651
546,36652
546,36653
546,36654
546,36655
546,36656
546,36657
546,36658
546,36659
546,36660
546,36661
546,36662
546,36663
546,36664
10,1
10,2
10,3
10,4
10,5
10,6
10,7
10,8
10,9
10,10
10,11
10,12
10,13
10,14
10,15
10,16
10,17
10,18
10,19
10,20
10,21
10,22
10,23
10,24
10,25
10,26
10,27
10,28
10,29
10,30
10,31
10,32
10,33
10,34
10,35
10,36
10,37
10,38
10,39
10,40
10,41
10,42
10,43
10,44
10,45
10,46
10,47
10,48
10,23993
10,23994
10,49
10,50
10,51
10,52
10,53
10,54
10,55
10,56
10,57
10,58
10,59
10,60
10,61
10,62
10,63
10,64
10,65
10,66
10,67
10,68
10,71
10,72
10,69
10,70
10,73
10,74
10,75
10,76
10,77
10,78
10,79
10,80
10,81
10,82
10,22752
10,22753
10,83
10,84
10,85
10,86
10,87
10,88
10,89
10,90
10,22150
10,22151
10,22156
10,22157
10,91
10,92
10,93
10,94
10,95
10,96
10,97
10,98
10,99
10,100
10,101
10,102
10,103
10,104
10,105
10,106
10,107
10,108
10,109
10,110
10,111
10,112
10,113
10,114
10,115
10,116
10,22738
10,22739
10,117
10,118
10,119
10,120
10,121
10,122
10,123
10,124
10,125
10,126
10,127
10,128
10,129
10,130
10,131
10,132
10,133
10,134
10,135
10,136
10,22736
10,22737
10,139
10,140
10,137
10,138
10,22720
10,22721
10,22162
10,22163
10,141
10,142
10,143
10,144
10,145
10,146
10,147
10,148
10,149
10,150
10,151
10,152
10,153
10,154
10,155
10,156
10,157
10,158
10,159
10,160
10,161
10,162
10,163
10,164
10,165
10,166
10,167
10,168
10,169
10,170
10,171
10,172
10,173
10,174
10,175
10,176
10,22729
10,22728
10,177
10,178
10,179
10,180
10,181
10,182
10,22730
10,22731
10,24245
10,24246
10,183
10,184
10,185
10,186
10,22750
10,22751
10,22152
10,22153
10,187
10,188
10,189
10,190
10,23714
10,23715
10,191
10,192
10,193
10,194
10,195
10,196
10,22732
10,22733
10,197
10,198
10,22748
10,22749
10,199
10,200
10,201
10,202
10,203
10,204
10,205
10,206
10,207
10,208
10,209
10,210
10,211
10,212
10,213
10,214
10,215
10,216
10,217
10,218
10,219
10,220
10,221
10,222
10,223
10,224
10,225
10,226
10,227
10,228
10,229
10,230
10,231
10,232
10,233
10,234
10,235
10,236
10,237
10,238
10,239
10,240
10,241
10,242
10,243
10,244
10,245
10,246
10,247
10,248
10,249
10,250
10,253
10,254
10,251
10,252
10,255
10,256
10,257
10,258
10,259
10,260
10,261
10,262
10,263
10,264
10,265
10,266
10,269
10,270
10,267
10,268
10,271
10,272
10,273
10,274
10,275
10,276
10,277
10,278
10,279
10,280
10,281
10,282
10,283
10,284
10,285
10,286
10,287
10,288
10,289
10,290
10,291
10,292
10,293
10,294
10,295
10,296
10,297
10,298
10,23716
10,23717
10,299
10,300
10,22760
10,22761
10,301
10,302
10,303
10,304
10,305
10,306
10,307
10,308
10,309
10,310
10,22166
10,22167
10,311
10,312
10,22718
10,22719
10,313
10,314
10,315
10,316
10,317
10,318
10,319
10,320
10,321
10,322
10,323
10,324
10,22740
10,22741
10,325
10,326
10,327
10,328
10,329
10,330
10,331
10,332
10,333
10,334
10,335
10,336
10,337
10,338
10,339
10,340
10,341
10,342
10,343
10,344
10,345
10,346
10,347
10,348
10,349
10,350
10,351
10,352
10,353
10,354
10,355
10,356
10,357
10,358
10,359
10,360
10,361
10,362
10,363
10,364
10,365
10,366
10,367
10,368
10,369
10,370
10,371
10,372
10,373
10,374
10,375
10,376
10,377
10,378
10,379
10,380
10,381
10,382
10,383
10,384
10,385
10,386
10,387
10,388
10,389
10,390
10,391
10,392
10,393
10,394
10,395
10,396
10,397
10,398
10,399
10,400
10,401
10,402
10,23720
10,23721
10,403
10,404
10,405
10,406
10,407
10,408
10,409
10,410
10,411
10,412
10,413
10,414
10,415
10,416
10,417
10,418
10,419
10,420
10,421
10,422
10,423
10,424
10,425
10,426
10,427
10,428
10,429
10,430
10,431
10,432
10,433
10,434
10,22754
10,22755
10,22756
10,22757
10,435
10,436
10,437
10,438
10,439
10,440
10,441
10,442
10,443
10,444
553,37574
553,37596
553,37584
553,37573
553,37581
553,37585
553,37580
553,36948
553,37593
553,37590
553,37588
553,37579
553,37575
553,37589
553,37578
553,37577
553,37583
553,37582
553,37592
553,37572
553,37591
553,37576
553,37595
553,37587
553,37594
553,37586
11,1001
11,1002
11,1003
11,1004
11,1005
11,1006
11,23991
11,23992
11,30331
11,30332
11,1007
11,1008
11,1009
11,1010
11,1011
11,1012
11,1013
11,1014
11,1015
11,1016
11,1017
11,1018
11,1019
11,1020
11,1021
11,1022
11,1023
11,1024
11,1025
11,1026
11,1027
11,1028
11,1029
11,1030
11,1031
11,1032
11,1033
11,1034
11,1035
11,1036
11,1037
11,1038
11,1039
11,1040
11,22722
11,22723
11,1041
11,1042
11,1043
11,1044
11,1045
11,1046
11,30333
11,30334
11,1047
11,1048
11,1049
11,1050
11,1051
11,1052
11,1053
11,1054
11,30335
11,30336
11,22726
11,22727
11,1055
11,1056
11,1057
11,1058
11,1059
11,1060
11,1061
11,1062
11,1063
11,1064
11,30337
11,30338
11,22164
11,22165
11,1065
11,1066
11,1067
11,1068
11,1069
11,1070
11,1071
11,1072
11,1073
11,1074
11,30339
11,30340
11,30341
11,30342
11,1075
11,1076
11,1077
11,1078
11,1079
11,1080
11,1081
11,1082
11,1083
11,1084
11,1085
11,1086
11,1099
11,1100
11,22744
11,22745
11,1087
11,1088
11,1089
11,1090
11,1091
11,1092
11,22766
11,22767
11,1093
11,1094
11,1095
11,1096
11,1097
11,1098
11,1101
11,1102
11,1103
11,1104
11,1105
11,1106
11,1107
11,1108
11,1109
11,1110
11,1111
11,1112
11,1113
11,1114
11,1115
11,1116
11,1117
11,1118
11,30343
11,30344
11,30345
11,30346
11,1119
11,1120
11,30347
11,30348
11,1121
11,1122
11,1123
11,1124
11,1127
11,1128
11,1129
11,1130
11,1125
11,1126
11,1131
11,1132
11,1133
11,1134
11,1135
11,1136
11,1137
11,1138
11,1141
11,1142
11,1143
11,1144
11,1145
11,1146
11,1139
11,1140
11,1147
11,1148
11,1149
11,1150
11,1151
11,1152
11,1153
11,1154
11,1155
11,1156
11,1157
11,1158
11,1159
11,1160
11,1161
11,1162
11,1163
11,1164
11,1165
11,1166
11,1167
11,1168
11,1169
11,1170
11,1171
11,1172
11,1173
11,1174
11,1175
11,1176
11,1177
11,1178
11,1179
11,1180
11,1181
11,1182
11,1183
11,1184
11,30350
11,30349
11,1185
11,1186
11,22159
11,22158
11,1187
11,1188
11,30351
11,30352
11,1189
11,1190
11,1191
11,1192
11,1193
11,1194
11,1195
11,1196
11,1197
11,1198
11,30354
11,30353
11,1199
11,1200
11,22746
11,22747
11,1201
11,1202
11,1203
11,1204
11,1205
11,1206
11,30356
11,30355
11,30358
11,30357
11,1207
11,1208
11,30360
11,30359
11,1209
11,1210
11,30362
11,30361
11,1211
11,1212
11,1213
11,1214
11,1215
11,1216
11,1217
11,1218
11,1219
11,1220
11,30364
11,30363
11,1221
11,1222
11,1223
11,1224
11,1225
11,1226
11,1227
11,1228
11,1229
11,1230
11,1231
11,1232
11,1233
11,1234
11,1235
11,1236
11,1237
11,1238
11,1239
11,1240
11,1241
11,1242
11,1243
11,1244
11,1245
11,1246
11,1247
11,1248
11,1249
11,1250
11,1251
11,1252
11,1253
11,1254
11,1255
11,1256
11,1257
11,1258
11,1259
11,1260
11,1261
11,1262
11,1263
11,1264
11,1265
11,1266
11,30366
11,30365
11,1267
11,1268
11,1269
11,1270
11,1271
11,1272
11,1273
11,1274
11,1275
11,1276
11,1277
11,1278
11,1279
11,1280
11,1283
11,1284
11,1281
11,1282
11,22742
11,22743
11,1285
11,1286
11,1287
11,1288
11,12015
11,22021
11,1289
11,1290
11,1291
11,1292
11,1293
11,1294
11,22160
11,22161
11,1295
11,1296
11,1297
11,1298
11,1299
11,1300
11,1301
11,1302
11,22041
11,22042
11,1303
11,1304
11,1305
11,1306
11,24481
11,24483
11,1307
11,1308
11,1311
11,1312
11,1309
11,1310
11,1313
11,1314
11,1315
11,1316
11,1317
11,1318
11,1319
11,1320
11,1321
11,1322
11,1323
11,1324
11,1325
11,1326
11,24858
11,24859
11,24480
11,24482
11,1327
11,1328
11,1329
11,1330
11,1331
11,1332
11,1333
11,1334
11,1335
11,1336
11,1337
11,1338
11,1339
11,1340
11,30368
11,30367
11,29423
11,29424
11,1341
11,1342
11,1343
11,1344
11,22734
11,22735
11,1345
11,1346
11,22762
11,22763
11,1347
11,1348
11,1349
11,1350
11,1351
11,1352
11,1353
11,1354
11,1355
11,1356
11,1357
11,1358
11,1359
11,1360
11,1361
11,1362
11,1363
11,1364
11,1365
11,1366
11,1367
11,1368
11,30370
11,30369
11,1369
11,1370
11,1371
11,1372
11,1373
11,1374
11,1377
11,1378
11,1379
11,1380
11,1381
11,1382
11,1383
11,1384
11,1385
11,1386
11,1387
11,1388
11,1389
11,1390
11,1391
11,1392
11,1393
11,1394
11,1395
11,1396
11,1397
11,1398
11,1399
11,1400
11,22724
11,22725
11,1401
11,1402
11,1403
11,1404
11,1405
11,1406
11,1407
11,1408
11,1409
11,1410
11,30372
11,30371
11,1411
11,1412
11,1413
11,1414
11,1415
11,1416
11,1417
11,1418
11,1419
11,1420
11,1421
11,1422
11,1423
11,1424
11,1425
11,1426
11,1427
11,1428
11,1429
11,1430
11,1431
11,1432
11,1433
11,1434
11,22764
11,22765
11,1435
11,1436
11,1437
11,1438
11,1439
11,1440
11,1441
11,1442
11,1443
11,1444
11,1445
11,1446
11,1447
11,1448
11,24489
11,24490
11,1451
11,1452
11,1453
11,1454
11,1455
11,1456
11,1457
11,1458
11,1459
11,1460
11,1461
11,1462
11,1463
11,1464
11,1465
11,1466
11,1467
11,1468
483,35028
483,35029
483,35030
155,25172
155,25173
155,23478
155,23479
155,23480
155,23481
155,23482
155,23483
155,23484
155,23485
155,23486
155,23487
155,23488
155,23489
155,23490
155,23491
155,23494
155,23495
155,23496
155,23497
155,23492
155,23493
155,23498
155,23499
155,23500
155,23501
155,23502
155,23503
155,23504
155,23505
155,23506
155,23507
155,23508
155,23509
155,23510
155,23511
155,23512
155,23513
155,23514
155,23515
155,23516
155,23517
155,23518
155,23519
155,23520
155,23521
155,23522
155,23523
278,26736
278,35918
278,26735
293,26887
293,26886
293,26889
293,26888
550,36915
550,36916
550,36917
550,36918
550,36919
550,36920
550,36921
550,36922
550,36923
550,36924
550,36925
550,36926
550,36927
550,36928
589,37910
589,37911
589,37908
589,37909
434,33258
434,32399
434,32398
434,32397
434,32770
434,33261
434,32769
434,33259
434,32771
434,33260
437,32673
437,32674
437,32675
437,32676
437,32677
437,32678
437,32679
437,32680
437,32681
437,32682
437,32664
437,32683
437,32684
437,32685
437,32686
437,32687
437,32688
437,32689
437,32690
437,32691
437,32692
437,32665
437,32693
437,32694
437,32695
437,32696
437,32666
437,32667
437,32668
437,32669
437,32670
437,32671
437,32672
437,32640
437,32641
437,32642
437,32643
437,32644
437,32645
437,32646
437,32647
437,32648
437,32649
437,32631
437,32650
437,32651
437,32652
437,32653
437,32654
437,32655
437,32656
437,32657
437,32658
437,32659
437,32632
437,32660
437,32661
437,32662
437,32663
437,32633
437,32634
437,32635
437,32636
437,32637
437,32638
437,32639
437,32607
437,32608
437,32609
437,32610
437,32611
437,32612
437,32613
437,32614
437,32615
437,32616
437,32598
437,32617
437,32618
437,32619
437,32620
437,32621
437,32622
437,32623
437,32624
437,32625
437,32626
437,32599
437,32627
437,32628
437,32629
437,32630
437,32600
437,32601
437,32602
437,32603
437,32604
437,32605
437,32606
184,26109
184,24303
184,24304
184,24305
187,25498
187,25499
187,25500
187,25501
187,25502
187,25503
457,33992
457,33993
457,33994
459,33998
459,33999
459,34000
459,34001
459,34002
459,34003
459,34004
459,34005
459,34006
459,34016
459,34017
459,34018
459,34019
459,34020
459,34021
459,34022
459,34023
459,34024
459,34007
459,34008
459,34009
459,34010
459,34011
459,34012
459,34013
459,34014
459,34015
459,34025
459,34026
459,34027
459,34028
459,34029
459,34030
459,34031
459,34032
459,34033
462,34354
462,34355
462,34356
462,34357
462,34358
462,34359
462,34360
462,34361
462,34362
462,34363
462,34364
462,34365
462,34366
462,34367
462,34368
462,34369
462,34370
462,34371
462,34372
462,34373
462,34374
462,34375
462,34376
462,34377
462,34378
462,34379
462,34380
462,34381
462,34288
462,34289
462,34290
462,34291
462,34292
462,34293
462,34294
462,34295
462,34297
462,34298
462,34299
462,34300
462,34301
462,34302
462,34303
462,34304
462,34305
462,34306
462,34307
462,34308
462,34309
462,34310
462,34311
462,34312
462,34313
462,34314
462,34315
462,34316
462,34317
462,34318
462,34319
462,34320
462,34321
462,34322
462,34323
462,34324
462,34325
462,34326
462,34327
462,34328
462,34329
462,34330
462,34331
462,34332
462,34333
462,34334
462,34335
462,34230
462,34231
462,34232
462,34233
462,34234
462,34235
462,34236
462,34237
462,34238
462,34239
462,34240
462,34241
462,34242
462,34243
462,34244
462,34245
462,34246
462,34247
462,34248
462,34249
462,34250
462,34251
462,34252
462,34253
462,34254
462,34255
462,34256
462,34257
462,34258
462,34259
462,34260
462,34261
462,34262
462,34263
462,34264
462,34265
462,34266
462,34267
462,34268
462,34269
462,34270
462,34271
462,34272
462,34273
462,34274
462,34275
462,34276
462,34277
462,34278
462,34279
462,34280
462,34281
462,34282
462,34283
462,34284
462,34285
462,34286
462,34287
462,34352
462,34353
462,34336
462,34337
462,34338
462,34339
462,34340
462,34341
462,34342
462,34343
462,34344
462,34345
462,34346
462,34347
462,34348
462,34349
462,34351
462,34350
488,35054
488,37899
488,37898
488,35743
488,35744
488,35053
501,36043
501,36044
501,35974
501,35975
501,36887
501,36892
501,36886
501,36891
501,36884
501,36889
501,36885
501,36890
501,35745
501,35746
501,36881
501,36882
501,35747
501,35748
501,36883
501,36888
501,37907
501,37906
501,36897
501,36902
501,36896
501,36901
501,36894
501,36899
501,36895
501,36900
501,35675
501,35694
501,35674
501,35695
501,36893
501,36898
511,37901
511,37900
511,35676
511,35677
511,35678
525,35815
525,35811
525,35813
525,35814
525,35816
525,35812
312,27498
312,27440
596,38537
548,36911
548,36909
548,36910
570,37921
584,37749
428,31928
428,31929
428,31930
428,31931
428,31932
428,31933
428,31934
428,31935
428,31936
428,31937
428,31938
428,31939
428,31940
428,31941
428,31942
428,31943
428,31944
428,31945
428,31946
428,31947
428,31948
428,31979
428,31980
428,31981
428,31982
428,31983
428,31984
428,31985
428,31986
428,31987
428,31988
428,31989
428,31990
428,31991
428,31949
428,31950
428,31951
428,31952
428,31977
428,31978
428,31994
428,31953
428,31954
428,31955
428,31956
428,31957
428,31958
428,31959
428,31960
428,31961
428,31962
428,31963
428,31964
428,31965
428,31966
428,31967
428,31970
428,31971
428,31972
428,31973
428,31974
428,31975
428,31976
428,31992
428,31993
446,33447
446,33448
465,34405
465,34406
465,34407
465,34425
465,34426
465,34408
465,34401
465,34402
465,34403
465,34404
465,34395
465,34396
465,34397
465,34398
465,34399
465,34400
466,34419
466,34420
466,34421
466,34423
466,34424
466,34422
466,34415
466,34416
466,34417
466,34418
466,34409
466,34410
466,34411
466,34412
466,34413
466,34414
467,34573
467,34574
467,34575
467,34576
467,34577
467,34578
467,34579
467,34580
467,34581
467,34582
467,34583
467,34584
467,34585
467,34586
467,34587
467,34588
467,34565
467,34566
467,34567
467,34568
467,34569
467,34570
467,34571
467,34572
479,34978
479,34979
479,34980
479,34981
479,34982
479,34983
479,34984
479,34985
479,35016
479,35017
479,35018
479,35019
479,35020
479,35021
479,35022
479,34986
479,34987
479,34988
479,34989
479,34990
479,34998
479,34999
479,35000
479,34991
479,34992
479,34993
479,34994
479,34995
479,34996
479,34997
518,35735
518,35736
535,36057
535,36056
535,36053
535,36054
535,36052
535,36055
535,36051
535,36050
535,36047
535,36048
535,36046
535,36049
535,36081
535,36080
535,36077
535,36078
535,36076
535,36079
535,36063
535,36062
535,36059
535,36060
535,36058
535,36061
535,36069
535,36068
535,36065
535,36066
535,36064
535,36067
535,36075
535,36074
535,36071
535,36072
535,36070
535,36073
284,26660
284,26658
284,26659
543,36421
303,27115
303,27118
303,27119
303,27120
303,27116
303,27117
564,37966
564,37967
564,37970
564,37971
564,37969
564,37968
564,37226
564,37225
564,37222
564,37221
564,37223
564,37224
564,37232
564,37231
564,37228
564,37227
564,37229
564,37230
564,37978
564,37979
564,37982
564,37983
564,37981
564,37980
564,37220
564,37219
564,37216
564,37215
564,37217
564,37218
564,37972
564,37973
564,37976
564,37977
564,37975
564,37974
564,37238
564,37237
564,37234
564,37233
564,37235
564,37236
322,27564
322,27560
146,37362
146,37363
146,37364
146,37373
146,37374
146,37375
146,37365
146,37366
146,37367
146,37368
146,37369
146,37370
146,37371
146,37372
146,37376
146,37377
146,37378
146,37379
146,37380
146,37381
146,37382
146,37383
146,37355
146,37354
146,37352
146,37353
146,37356
146,37357
146,37358
146,37360
146,37359
146,37361
150,35740
150,35741
150,35738
150,35739
158,26654
158,26655
190,24365
190,24649
190,24364
190,24821
190,24822
452,35805
452,35804
452,35803
452,35808
452,35807
452,35809
452,35806
452,35810
200,24494
200,24495
200,24496
460,34668
460,34669
460,34670
208,28034
208,24581
208,24569
208,24570
208,24568
208,24577
208,24571
208,24572
208,24580
208,24573
208,24574
208,24578
208,24579
208,24575
208,24576
211,24607
211,24931
211,24932
492,35308
242,25253
285,26734
285,26733
286,27003
286,27002
132,22686
410,30980
410,30981
416,31219
416,31218
416,31215
416,31216
416,31217
444,33441
444,33442
444,33443
444,33444
444,33446
444,33445
464,34394
464,34393
528,35900
528,35902
528,35901
528,35899
552,36929
552,36930
552,36931
552,36932
300,27100
300,27101
300,27102
300,27103
300,27104
300,27105
300,27106
315,27524
315,27456
326,27756
326,27757
326,27758
326,27759
326,27760
326,27767
326,27761
326,27762
361,28992
361,28993
361,28995
361,28994
367,29179
367,29180
367,29181
368,29187
368,29186
392,30298
392,30299
392,30300
413,31150
413,31151
413,31152
164,23600
164,26527
164,26528
164,26531
164,26529
164,26530
164,26532
164,33753
164,26526
164,24965
164,23610
168,23645
168,23631
168,23632
168,23633
168,23646
168,23644
168,23636
168,26110
168,23637
168,23647
168,24346
168,24347
168,23634
168,23648
168,23640
168,23638
168,23649
168,23630
168,27188
168,23650
168,24348
168,23641
168,23642
168,23643
168,23639
168,23635
443,33274
443,33275
443,33276
443,33277
463,34392
463,35375
463,34385
463,34389
463,34391
463,34388
463,34387
463,34386
463,35734
463,34390
463,34498
463,35024
470,34698
470,34699
470,34700
470,34701
484,35031
493,35317
493,35311
493,35316
493,35318
238,25181
510,35648
510,35649
510,35650
510,35651
566,37351
250,34437
250,34438
250,34439
250,25516
250,25519
250,25522
250,25517
250,25521
250,25511
250,34432
250,34435
250,34433
250,34436
250,34434
529,35913
529,35914
529,35915
529,35916
529,35917
529,35903
529,35904
529,35905
529,35906
529,35907
529,35908
529,35909
529,35910
529,35911
529,35912
307,27207
307,30563
307,30564
310,27508
310,27430
311,27503
311,27435
316,27493
316,27464
156,25265
156,23526
156,23527
156,24943
156,24941
156,24947
156,24946
156,24944
156,24942
156,24940
156,24939
156,24945
472,37866
472,37863
472,37860
472,37865
472,37862
472,37859
472,36300
472,36299
472,36301
497,35366
497,35367
497,35368
497,35369
497,35370
497,35356
497,35357
497,35358
497,35359
497,35360
497,35361
497,35362
497,35363
497,35364
497,35365
245,25684
245,26294
245,25361
245,26278
245,30326
253,26102
253,26103
253,26648
253,26652
253,26104
253,26105
253,26649
253,26653
253,26098
253,26099
253,26646
253,26650
253,26100
253,26101
253,26647
253,26651
10000,100003
10000,100004
10000,100005
10000,100006
273,26377
290,27772
290,26861
290,27771
290,27773
290,26860
290,27769
290,27770
294,26900
294,27004
294,27005
294,26901
294,26902
294,26922
294,26903
294,26924
294,27018
294,27020
294,27016
294,27017
294,27019
572,37471
572,37479
572,37473
572,37472
572,37480
572,37474
572,37475
572,37476
572,37478
572,37477
320,
578,37567
578,37570
578,37568
578,37571
578,37569
579,37693
579,37692
579,37694
325,27589
325,27598
325,27588
325,27599
325,27590
325,27591
141,26731
141,24657
141,22916
160,24491
160,25562
160,23552
160,30324
160,27171
160,28989
160,36045
160,25563
160,25564
160,26879
160,23545
160,24869
160,24866
160,24865
160,24868
160,24867
160,28035
195,24458
195,24457
216,25838
216,24809
218,24671
218,24670
218,24957
218,24950
218,24951
218,24954
218,24955
218,24956
218,24953
218,24952
218,24958
318,27538
318,27475
576,37538
576,37537
576,37539
351,28176
351,28175
396,30327
396,30328
258,25939
258,25940
258,25941
258,25942
258,25943
258,25944
258,25945
258,25946
258,25947
258,25948
258,25949
258,26078
258,26079
258,26080
258,25966
258,25952
258,25970
258,25938
258,25954
258,25957
258,25955
258,25953
258,25959
258,25965
258,25958
258,25937
258,25964
258,25967
258,25961
258,25971
258,25962
258,25951
258,25963
258,25968
258,25956
258,25969
258,25960
258,25950
258,25974
258,25975
258,25976
258,25977
258,25978
258,25979
258,25980
258,25981
258,25982
258,25983
258,25984
258,26081
258,26082
258,26083
258,26001
258,25987
258,26005
258,25973
258,25989
258,25992
258,25990
258,25988
258,25994
258,26000
258,25993
258,25972
258,25999
258,26002
258,25996
258,26006
258,25997
258,25986
258,25998
258,26003
258,25991
258,26004
258,25995
258,26077
258,26450
258,26451
258,26452
258,26453
258,26454
258,26455
258,26456
258,26457
258,26458
258,26459
258,26460
258,26461
258,26462
258,26463
258,26464
258,26465
258,26466
258,26467
258,26468
258,26469
258,26470
258,26471
258,26472
258,26473
258,26474
258,26475
258,26476
258,26477
258,26478
258,26479
258,26480
258,26481
258,26482
258,26483
258,26484
258,26485
258,26486
258,26487
258,26488
258,26489
258,26490
258,26491
258,26492
258,26493
258,26494
258,26495
258,26496
258,26497
258,26498
258,26499
258,26500
258,26501
258,26502
258,26503
258,26504
258,26505
258,26506
258,26507
258,26508
258,26509
258,26510
258,26511
258,26512
258,26513
258,26514
258,26515
258,26516
258,26517
258,26518
258,26519
258,26520
258,26521
258,26522
258,26523
258,26524
258,26525
276,26539
276,26538
565,37750
565,37788
565,37751
565,37789
565,37766
565,37767
565,37752
565,37753
565,37754
565,37786
565,37768
565,37785
565,37769
565,37755
565,37780
565,37777
565,37790
565,37756
565,37757
565,37796
565,37776
565,37779
565,37775
565,37798
565,37770
565,37778
565,37774
565,37797
565,37787
565,37758
565,37791
565,37759
565,37760
565,37771
565,37761
565,37799
565,37762
565,37783
565,37772
565,37763
565,37784
565,37773
565,37764
565,37792
565,37793
565,37765
565,37794
565,37782
565,37795
565,37781
565,37802
565,37800
565,37838
565,37801
565,37839
565,37816
565,37817
565,37803
565,37804
565,37836
565,37818
565,37835
565,37819
565,37805
565,37830
565,37827
565,37840
565,37806
565,37807
565,37846
565,37826
565,37829
565,37825
565,37848
565,37820
565,37828
565,37824
565,37847
565,37837
565,37808
565,37841
565,37809
565,37810
565,37821
565,37811
565,37849
565,37812
565,37833
565,37822
565,37813
565,37834
565,37823
565,37814
565,37842
565,37843
565,37815
565,37844
565,37832
565,37845
565,37831
565,37296
565,37297
565,37298
565,37299
565,37300
565,37301
565,37302
565,37293
565,37303
565,37304
565,37291
565,37331
565,37305
565,37292
565,37336
565,37332
565,37306
565,37307
565,37335
565,37334
565,37330
565,37342
565,37308
565,37309
565,37333
565,37329
565,37343
565,37295
565,37310
565,37311
565,37312
565,37313
565,37314
565,37315
565,37294
565,37316
565,37317
565,37318
565,37341
565,37319
565,37339
565,37320
565,37321
565,37340
565,37322
565,37323
565,37324
565,37325
565,37326
565,37327
565,37338
565,37328
565,37337
565,37344
565,37345
565,37246
565,37247
565,37248
565,37249
565,37250
565,37251
565,37252
565,37243
565,37253
565,37254
565,37241
565,37281
565,37255
565,37242
565,37286
565,37282
565,37256
565,37257
565,37285
565,37284
565,37280
565,37258
565,37259
565,37283
565,37279
565,37245
565,37260
565,37261
565,37262
565,37263
565,37264
565,37265
565,37244
565,37266
565,37267
565,37268
565,37269
565,37289
565,37270
565,37271
565,37290
565,37272
565,37273
565,37274
565,37275
565,37276
565,37277
565,37288
565,37278
565,37287
565,37349
565,37347
565,37350
565,37348
565,37346
569,37442
569,37443
569,37444
569,37445
569,37446
569,37447
569,37448
569,37449
569,37450
569,37451
569,37452
569,37453
569,37454
569,37455
569,37456
569,37457
571,37462
571,37461
571,37463
571,37467
571,37465
571,37469
571,37464
571,37468
571,37466
571,37470
323,27573
323,27568
580,37708
580,37705
580,37706
580,37707
585,37851
585,37852
332,34195
332,34099
332,34100
332,36765
332,36766
332,36767
332,36768
332,36769
332,36770
332,36771
332,36772
332,36773
332,36774
332,36775
332,36776
332,36777
332,36778
332,36779
332,36780
332,36781
332,36782
332,36783
332,36784
332,36785
332,36786
332,36787
332,36788
332,36789
332,36790
332,36791
332,36792
332,36793
332,36794
332,36795
332,36796
332,36797
332,36798
332,36799
332,36800
332,36801
332,36802
332,36803
332,36804
332,36805
332,36806
332,36807
332,36808
332,36809
332,36810
332,36811
332,36812
332,36813
332,36814
332,36815
332,36816
332,36817
332,36818
332,36819
332,36820
332,36821
332,36822
332,33626
332,29914
332,29913
332,29912
332,29911
332,29910
332,29909
332,29908
332,29915
332,29907
332,29906
332,29905
332,29904
332,29903
332,29902
332,29901
332,29900
332,29899
332,29898
332,29897
332,29896
332,29895
332,29894
332,29893
332,29892
332,29919
332,34218
332,33457
332,29920
332,29916
332,33627
332,27878
332,27879
332,27880
332,27881
332,27882
332,27883
332,27884
332,27885
332,27886
332,27887
332,27888
332,27889
332,27890
332,27891
332,27892
332,27893
332,27894
332,27895
332,27896
332,27897
332,27898
332,27899
332,27900
332,29918
332,34219
332,33456
332,27902
333,27904
341,28063
341,28064
341,28065
341,28066
341,28067
341,28069
341,28068
348,28167
348,28168
348,28169
348,28174
348,28177
348,28178
379,34089
379,36823
379,36824
379,36825
379,36826
379,36827
379,36828
379,36829
379,36830
379,36831
379,36832
379,36833
379,36834
379,36835
379,36836
379,36837
379,36838
379,36839
379,36840
379,36841
379,36842
379,36843
379,36844
379,36845
379,36846
379,36847
379,36848
379,36849
379,36850
379,36851
379,36852
379,36853
379,36854
379,36855
379,36856
379,36857
379,36858
379,36859
379,36860
379,36861
379,36862
379,36863
379,36864
379,36865
379,36866
379,36867
379,36868
379,36869
379,36870
379,36871
379,36872
379,36873
379,36874
379,36875
379,36876
379,36877
379,36878
379,36879
379,36880
379,29517
379,29518
379,29519
379,29520
379,29521
379,29522
379,29523
379,29515
379,29524
379,29525
379,29526
379,29527
379,29528
379,29529
379,29530
379,29531
379,29532
379,29533
379,29534
379,29535
379,29536
379,29537
379,29538
379,29539
379,29510
379,33453
379,29514
379,29561
379,29559
379,29558
379,29557
379,29556
379,29555
379,29516
379,29554
379,29553
379,29552
379,29551
379,29550
379,29549
379,29548
379,29547
379,29546
379,29545
379,29544
379,29543
379,29542
379,29541
379,29540
379,29511
379,33452
379,29512
379,29513
144,23017
144,23018
144,23025
144,23026
144,23033
144,23034
144,25077
144,25075
144,23041
144,23042
144,23055
144,23056
144,23073
144,23074
145,23081
145,23082
145,23083
145,23084
145,23087
145,23088
145,25078
145,25079
145,25267
145,25268
145,25081
145,25080
149,23255
149,26931
149,23261
149,23262
149,23278
149,23265
149,23266
149,23271
149,23269
149,23273
149,23274
149,23276
149,23275
149,23277
149,23279
170,24361
170,24359
170,24669
170,24358
170,23682
170,23700
170,26096
170,26095
170,26097
170,26094
170,25259
170,29366
170,24357
170,23683
170,23684
170,24360
170,24870
170,24871
174,24813
174,23696
174,23699
176,23711
515,35721
515,35722
515,35725
515,35726
515,35723
515,35724
515,35727
515,35728
274,26449
544,36422
544,36423
544,36424
544,36425
545,36436
545,36433
545,36428
545,36427
545,36426
545,36435
545,36431
545,36434
545,36430
545,36432
545,36437
545,36429
558,37107
563,37210
563,37211
563,37212
563,37213
582,37747
582,37745
582,37746
328,27782
328,27783
328,27791
328,27792
328,27784
328,27785
328,27788
328,27786
328,27787
587,37870
336,28054
336,28057
336,28050
336,28061
336,28053
336,28058
336,28051
336,28060
336,28055
336,28056
336,28052
336,28059
352,28179
354,35353
354,28197
354,35351
354,35349
354,28196
354,35354
354,28202
354,35352
354,35350
354,28201
354,30374
354,30373
354,28210
354,29562
354,29563
354,29564
354,29565
355,28265
355,28266
356,28271
356,28269
356,28270
364,29141
364,29139
364,29983
364,29137
364,29138
364,29140
381,29732
127,22075
127,22076
127,22917
127,22079
127,22080
128,22086
128,22089
128,22941
128,22091
128,22094
388,29982
388,29980
388,29981
389,36113
389,36114
389,30080
389,30081
389,36111
389,36112
389,30082
389,30083
389,30085
389,30084
391,30291
391,30292
391,30293
152,27128
152,27592
152,27593
152,27594
152,29924
152,23343
152,27125
152,27127
152,27126
152,23351
152,31160
411,30982
411,30983
411,30984
421,35034
421,35037
421,31722
421,31723
421,35027
421,35026
421,35035
421,35036
421,31724
421,31725
421,34937
421,34938
421,34779
421,34780
421,34781
421,34782
426,31916
426,31917
426,31922
426,31921
426,31920
180,24260
180,24280
180,24261
180,24281
180,24262
180,24282
180,24263
180,24283
180,24264
180,24284
180,24265
180,24285
180,24266
180,24286
180,24267
180,24287
180,24268
180,24288
180,24269
180,24289
180,24270
180,24290
180,24271
180,24291
180,24272
180,24292
180,24273
180,24293
180,24274
180,24294
180,24275
180,24295
180,24276
180,24296
180,24277
180,24297
180,24278
180,24298
180,24279
180,24299
448,33589
448,33590
448,33591
448,33592
448,33593
448,33594
448,33595
448,33596
448,33597
448,33598
448,33599
448,33600
448,33601
448,33602
448,33603
448,33604
193,24391
449,33743
449,33744
449,33605
449,33606
449,33607
449,33608
449,33609
449,33610
449,33611
449,33612
449,33613
449,33614
475,34783
475,34784
475,34831
475,34832
475,34785
475,34786
475,34817
475,34818
475,34787
475,34788
475,34942
475,34943
475,34789
475,34790
475,34791
475,34792
475,34821
475,34822
475,34793
475,34794
475,34795
475,34796
475,34797
475,34798
475,34799
475,34800
475,34801
475,34802
475,34803
475,34804
475,34805
475,34806
475,34807
475,34808
475,34809
475,34810
475,34811
475,34812
475,34813
475,34814
475,34815
475,34816
475,34819
475,34820
475,35737
475,34823
475,34824
475,34825
475,34826
475,34827
475,34828
475,34829
475,34830
475,34833
475,34834
476,34835
476,34836
476,34837
476,34838
476,34839
476,34840
476,34841
476,34842
476,34843
476,34844
476,34845
476,34846
476,34847
476,34848
476,34849
476,34850
476,34851
476,34852
476,34853
476,34854
476,34855
476,34856
476,34857
476,34858
476,34859
476,34860
476,34861
476,34862
476,34863
476,34864
476,34865
476,34866
476,34867
476,34868
476,34869
476,34870
485,35032
485,35039
485,35033
485,35038
486,35044
486,35051
486,35048
486,35046
486,35049
486,35050
486,35045
486,35043
486,35047
486,35041
486,35042
234,25146
234,25147
234,25148
234,25149
234,25150
234,25151
234,25152
234,25153
234,25159
234,25154
234,25155
234,25160
234,25156
234,25157
234,25158
234,25161
234,26314
234,26315
234,26316
234,26317
234,26318
234,26319
234,26320
234,26321
234,26322
234,26323
234,26324
234,26325
234,26326
234,26327
234,26328
234,26329
234,26743
234,26745
234,26744
234,26194
234,25132
234,28990
234,25135
234,25136
234,25134
234,25133
234,26195
234,25126
234,28991
234,25129
234,25130
234,25128
234,25127
504,35622
504,35623
504,35624
504,35625
506,35633
506,35634
549,36912
549,36914
549,36913
298,27026
298,27025
298,27022
298,27021
298,27023
298,27024
301,27172
301,27109
301,27110
301,27111
327,27764
327,27765
327,27768
327,27766
329,27793
329,27794
330,27796
330,27795
334,27909
334,27910
334,27911
334,27912
362,29047
362,29048
362,29050
362,29049
390,30269
390,30270
390,30325
390,30271
412,30985
412,30986
412,30987
429,31995
429,31996
429,31998
429,31997
468,34659
468,34661
468,34660
468,34662
477,34941
477,34940
477,34939
414,31153
414,31154
414,31155
414,31156
414,31157
414,31158
491,35131
491,35132
491,35133
491,35134
491,35135
491,35111
491,35112
491,35113
491,35114
491,35115
491,35106
491,35107
491,35108
491,35109
491,35110
491,35136
491,35137
491,35138
491,35139
491,35140
491,35141
491,35142
491,35143
491,35144
491,35145
491,35116
491,35117
491,35118
491,35119
491,35120
491,35121
491,35122
491,35123
491,35124
491,35125
491,35101
491,35102
491,35103
491,35104
491,35105
491,35151
491,35152
491,35153
491,35154
491,35155
491,35156
491,35157
491,35158
491,35159
491,35160
491,35126
491,35127
491,35128
491,35129
491,35130
491,35146
491,35147
491,35148
491,35149
491,35150
542,36341
542,36342
542,36343
542,36344
542,36345
542,36346
542,36347
542,36348
542,36349
542,36350
542,36331
542,36332
542,36333
542,36334
542,36335
542,36336
542,36337
542,36338
542,36339
542,36340
542,37695
542,37704
542,37696
542,37697
542,37698
542,37699
542,37700
542,37701
542,37702
542,37703
542,36351
542,36352
542,36353
542,36354
542,36355
542,36356
542,36357
542,36358
542,36359
542,36360
542,36361
542,36362
542,36363
542,36364
542,36365
542,36366
542,36367
542,36368
542,36369
542,36370
542,36371
542,36372
542,36373
542,36374
542,36375
542,36376
542,36377
542,36378
542,36379
542,36380
542,36381
542,36382
542,36383
542,36384
542,36385
542,36386
542,36387
542,36388
542,36389
542,36390
542,36391
542,36392
542,36393
542,36394
542,36395
542,36396
542,36397
542,36398
542,36399
542,36400
542,36411
542,36412
542,36413
542,36414
542,36415
542,36416
542,36417
542,36418
542,36419
542,36420
542,36401
542,36402
542,36403
542,36404
542,36405
542,36406
542,36407
542,36408
542,36409
542,36410
171,26878
171,23661
171,25530
171,26537
171,23706
171,25532
171,26298
171,26296
171,26890
171,26891
171,26892
171,26893
171,26894
171,23675
458,33995
581,37727
581,37728
581,37729
581,37730
581,37731
581,37732
581,37739
581,37740
581,37741
581,37742
581,37743
581,37744
581,37721
581,37722
581,37723
581,37724
581,37725
581,37726
581,37715
581,37716
581,37717
581,37718
581,37719
581,37720
581,37733
581,37734
581,37735
581,37736
581,37737
581,37738
581,37709
581,37710
581,37711
581,37712
581,37713
581,37714
583,37748
289,26822
366,29173
366,29172
366,29175
366,29182
366,29174
366,29177
366,29171
366,29178
366,29355
366,29354
366,29176
135,27423
135,27424
135,27425
135,27426
135,27427
135,27428
135,22716
402,30947
402,30948
425,31907
425,31908
425,31909
425,31915
425,31900
425,31913
425,31914
425,31899
425,31911
425,31902
425,31903
425,31901
425,31904
425,31905
425,31906
454,33745
454,34225
454,34223
454,34220
454,34224
454,33746
454,34222
454,34693
454,34221
456,35844
456,35847
456,35850
456,35842
456,35845
456,35848
456,35846
456,35849
456,35841
456,35843
456,35852
456,35851
207,24558
207,24548
207,24557
207,24547
207,24559
207,24549
207,24560
207,24550
207,25117
207,25118
207,25119
207,25120
207,24564
207,24554
207,24565
207,24555
207,25346
207,25345
207,25344
207,25343
207,24561
207,24551
207,24562
207,24552
207,24563
207,24553
207,24566
207,24556
471,34705
471,34704
471,34703
478,34944
478,34945
248,25468
248,25467
248,26373
248,26374
248,26375
248,26376
252,33747
252,33748
252,33749
252,33750
252,33751
252,33752
519,35749
519,35752
519,35751
519,35753
519,35750
520,35754
520,35757
520,35756
520,35758
520,35755
272,29183
272,29184
272,26372
272,29185
538,36115
538,36116
538,36117
538,36127
538,36128
538,36129
538,36118
559,37178
559,37179
559,37180
559,37181
559,37182
559,37183
559,37184
559,37185
559,37186
559,37187
559,37188
559,37189
306,27174
306,27175
306,27176
306,27178
592,37962
592,37963
592,37964
592,37965
592,37959
592,37960
592,37961
592,37956
592,37957
592,37958
365,29146
365,29147
365,29148
365,29149
370,29352
371,29350
371,29351
383,29928
383,29927
148,29144
148,23246
148,24992
148,26921
148,29145
148,23250
148,25162
148,26823
148,29143
148,37850
148,26732
185,24647
185,24326
185,27183
185,24486
185,28144
185,28145
185,28146
185,28147
185,28148
185,28149
185,28150
185,24487
185,28151
185,28152
185,28153
185,28154
185,28155
185,28156
186,27947
186,27187
186,27948
186,27949
186,27185
186,27950
186,27951
186,27184
186,27186
186,28135
186,28136
186,28137
186,28138
186,28139
186,28140
186,28141
186,28142
186,28143
447,33669
447,33670
447,33671
447,33672
447,33673
447,33674
447,33675
447,33676
447,33677
447,33678
447,33679
447,33680
447,33630
447,33631
447,33632
447,33633
447,33634
447,33635
447,33636
447,33637
447,33638
447,33639
447,33640
447,33641
447,33577
447,33578
447,33579
447,33580
447,33581
447,33582
447,33583
447,33584
447,33585
447,33586
447,33587
447,33588
447,33517
447,33518
447,33519
447,33520
447,33521
447,33522
447,33523
447,33524
447,33525
447,33526
447,33527
447,33528
447,33529
447,33530
447,33531
447,33532
447,33533
447,33534
447,33535
447,33536
447,33537
447,33538
447,33539
447,33540
447,33642
447,33643
447,33644
447,33645
447,33646
447,33647
447,33648
447,33649
447,33650
447,33651
447,33652
447,33653
447,33469
447,33470
447,33471
447,33472
447,33473
447,33474
447,33475
447,33476
447,33477
447,33478
447,33479
447,33480
447,33654
447,33655
447,33656
447,33657
447,33658
447,33659
447,33660
447,33661
447,33662
447,33663
447,33664
447,33665
447,33493
447,33494
447,33495
447,33496
447,33497
447,33498
447,33499
447,33500
447,33501
447,33502
447,33503
447,33504
447,33481
447,33482
447,33483
447,33484
447,33485
447,33486
447,33487
447,33488
447,33489
447,33490
447,33491
447,33492
447,33553
447,33554
447,33555
447,33556
447,33557
447,33558
447,33559
447,33560
447,33561
447,33562
447,33563
447,33564
447,33541
447,33542
447,33543
447,33544
447,33545
447,33546
447,33547
447,33548
447,33549
447,33550
447,33551
447,33552
447,33505
447,33506
447,33507
447,33508
447,33509
447,33510
447,33511
447,33512
447,33513
447,33514
447,33515
447,33516
447,33565
447,33566
447,33567
447,33568
447,33569
447,33570
447,33571
447,33572
447,33573
447,33574
447,33575
447,33576
453,33721
453,33722
453,33723
453,33724
453,37930
453,37931
453,37932
453,37933
453,37934
453,37935
453,37936
453,37937
453,37938
453,37939
453,37940
453,37941
453,37942
453,37943
453,37944
453,37945
453,38086
453,38087
453,38088
453,38089
453,38090
453,38091
453,38092
453,38093
453,38094
453,38095
453,37946
453,37947
453,37948
453,37949
453,37950
453,37951
453,37952
453,37953
453,37954
453,37955
490,35090
490,35091
490,35088
490,35092
490,35094
490,35093
490,35096
490,35095
490,35097
490,35089
490,35628
490,35098
490,35099
490,35100
512,37006
512,37007
512,37008
512,37009
512,37010
512,37011
512,35945
524,35802
524,35793
524,35791
524,35785
524,35801
524,35794
524,35788
524,35789
524,35787
524,35790
524,35797
524,35800
524,35786
524,35798
524,35796
524,35792
524,35799
524,35795
554,37108
554,37109
314,27518
314,27450
317,27532
317,27469
319,27489
319,27485
321,27559
321,27558
321,27557
321,27556
321,27555
321,27554
321,27553
321,27552
321,27551
321,27550
321,27549
321,27548
590,37929
590,37928
590,37924
590,37923
590,37922
590,37927
590,37925
590,37926
335,27918
346,34933
346,34934
346,28159
346,28160
346,28161
346,28162
346,28163
346,28164
129,27189
129,27903
129,27190
129,27191
129,27192
129,27193
129,26543
129,27194
129,34383
129,36330
182,24241
182,24232
182,27195
182,24229
182,24237
182,24230
182,24235
182,24236
182,24239
182,27196
182,24243
182,27197
182,24234
182,27198
182,24240
182,24228
182,24242
182,24308
182,24233
182,24238
182,24231
192,24383
192,24384
192,24385
192,24386
192,24387
192,24388
192,24382
192,24381
192,24380
192,24389
192,24390
192,24396
192,24397
192,24398
192,24399
192,24409
192,24408
192,24401
192,24402
192,24403
192,24404
192,24405
192,24406
192,24407
192,24400
192,24373
192,24374
192,24375
192,24376
192,24377
192,24378
192,24379
192,30726
202,24820
202,24815
202,24816
202,24817
202,24818
202,24819
202,24503
202,24504
202,24505
202,24506
202,24507
202,24508
213,24616
213,24618
213,24617
213,25194
213,24614
213,24615
227,24863
227,24856
227,27169
227,27170
227,27015
227,27014
227,26308
227,26309
556,37495
556,37094
556,37097
556,37496
556,37096
556,37098
556,37095
557,37101
557,37103
557,37102
557,37099
557,37100
393,30301
393,30308
393,30302
166,28036
166,27107
166,23618
166,27108
178,27929
178,27927
178,27930
178,27928
179,27934
179,27931
179,37868
179,37869
179,27935
179,27932
179,27936
179,27933
206,25145
206,24545
206,24876
496,35355
527,35871
527,35872
527,35873
527,35874
527,35881
527,35891
527,35895
527,35875
527,35876
527,35877
527,35878
527,35879
527,35880
527,35893
527,35919
527,35896
527,35882
527,35883
527,35894
527,35885
527,35889
527,35892
527,35897
527,35855
527,35858
527,35888
527,35953
527,35867
527,35870
527,35884
527,35898
531,35962
531,35963
531,35964
531,35959
531,35960
531,35961
309,35971
309,35972
309,35973
309,35968
309,35969
309,35970
309,35965
309,35966
309,35967
573,37515
573,37500
573,37520
573,37527
573,37522
573,37532
573,37516
573,37501
573,37521
573,37528
573,37523
573,37533
573,37512
573,37497
573,37517
573,37529
573,37524
573,37534
573,37514
573,37499
573,37519
573,37513
573,37498
573,37518
573,37531
573,37526
573,37536
573,37530
573,37525
573,37535
577,37551
577,37550
577,37552
577,37556
577,37557
577,37558
577,37546
577,37544
577,37545
577,37548
577,37549
577,37547
577,37555
577,37554
577,37553
577,37542
577,37541
577,37543
337,28028
337,28029
337,28022
337,28023
337,28024
337,28025
337,28026
337,28027
139,27915
139,27913
139,29151
139,29150
139,27916
139,27914
140,29443
140,29444
140,29445
140,29446
140,29439
140,29440
140,29441
140,29442
417,31225
417,31226
417,31227
417,31228
417,31229
417,31389
417,31390
422,31733
422,31735
422,31732
422,31734
424,31898
424,31897
427,31923
427,31924
494,35312
494,35313
494,35314
494,35315
505,35626
505,35627
505,35635
505,35636
522,35782
522,35780
522,35783
522,35781
522,37857
522,37858
126,22044
126,22045
126,22046
126,22048
126,22049
126,23524
126,22058
126,22059
126,22061
126,22063
126,22064
126,22065
126,22069
126,22070
126,22071
126,22074
142,34774
142,25195
142,25243
142,27429
142,25196
142,25197
142,27421
142,34772
142,25198
142,36120
142,24316
142,34775
142,34773
142,25199
142,29923
142,36121
142,29922
142,36122
142,25479
142,36119
142,24309
142,25200
142,25201
142,25254
142,25202
142,25203
142,25255
142,25204
142,25205
142,24311
142,25206
142,25207
142,24313
142,25208
142,25209
142,25210
142,25211
142,25212
142,24315
142,25475
142,25245
142,25213
142,24317
142,25476
142,25214
142,25215
142,25216
142,25217
142,25218
142,25256
142,25219
142,25257
142,25258
142,25220
142,24310
142,25221
142,25246
142,25222
142,25223
142,25224
142,24312
142,25225
142,25226
142,25244
142,25227
142,25228
142,34768
142,24314
142,25477
142,25229
142,25230
142,34769
142,25231
142,34770
142,25248
142,25232
142,24318
142,34771
142,25233
142,25234
142,25247
142,33759
142,33760
142,33761
142,33762
142,33763
482,35040
482,35025
397,34037
397,34038
397,34035